{"cameraMode":{"drawMode":0,"name":"Shaded","section":"Shading Mode"},"sceneLighting":true,"audioPlay":false,"sceneViewState":{"showFog":true,"showMaterialUpdate":false,"showSkybox":true,"showFlares":true,"showImageEffects":true,"showParticleSystems":true},"in2DMode":false,"pivot":{"x":0.2867166996002197,"y":-0.5054295063018799,"z":1.3967185020446778},"rotation":{"x":-0.08683444559574127,"y":0.816471517086029,"z":-0.12741723656654359,"w":-0.5564224720001221},"size":1.1461801528930665,"orthographic":false}